v?_kh?c_ti?p	van_hoa	"[1647, 3373, 3373, 3373, 2786]"	"[{}, {'v?_kh?c_ti?p': 20, 'ng?c_trinh': 8, 'showbiz_vi?t': 1, 'kh?c': 6, 'ti?p': 6, 'v?': 6}, {'?àn_ông': 1, 'duy_nh?t': 2, 'tin_t??ng': 2, 'ôm': 2, 'hôn': 2, 'ng?': 2, 'chung': 2, '?i': 1, 'du_l?ch': 1, 'ng??i': 14, 'cô_??ng': 1, 'ý': 1, 'ch?p': 2, 'hình': 2, 'c??i': 2, 'cùng': 1, 'd?ng': 2, 'm?c': 2, 'b?n': 10, 'thân': 2, 'ch?c': 1, 'có': 7, 'c?p': 1, '??c_bi?t': 1, 'v?': 6, 'chu?ng': 6, 'nh?ng': 6, 'm?t': 6, 'qu?n': 18, 'l?': 6, 'ít': 6, 'ai': 6, 'dám': 12, 'm?c': 12, '???c': 6, 'chú_ý': 6, 'hàng_lo?t': 6, 'gi?ng': 6, 'giàu': 6, 'sinh': 6, 't?': 6, 'kém': 6, 'thua': 6, 'nh?c': 12, 'th?i_trang': 12, 'ph?i': 12, 'ki?u': 6, '??t_bi?n': 6, 'gen': 6, 'ông_b?u': 6, '?áng': 6, 'bàn': 6, 'là': 13, 'm?nh_d?n': 6, 'xây_d?ng': 6, 'phong_cách': 6, '??ng': 6, 'hàng': 6, 'ch?t': 6, 'n??c_c?t': 6, 'c?m_t?': 6, '?ánh_giá': 6, 'gu': 6, 'kh?c': 6, 'ti?p': 6, 'su?t': 1, 'h?n': 1, 'n?m': 1, 'ngh?': 1, 'tình': 1}]"	Person number: 3085
				
				
biker_for_trump	the_gioi	"[3897, 3897]"	"[{'nhà_tr?ng': 6, 'm?': 6}, {'biker_for_trump': 6, 'president_trump': 3, 'trump': 9, 'h?ng_ng?c': 3, 'pham': 3}, {'??i': 6, 'v?': 3, '?ng_h?': 3, 'hôm': 3, 'friday_may': 3, 'có': 3, 'h?n': 3, 'ng??i': 3, '??ng_ký': 3, 'tt': 6, 'tham_gia': 3, 'd?p': 3, 'lo?n': 3, 'l?n': 3, '???c': 3, 'thành_l?p': 3, 'h?i_viên': 3, 'biker': 3, 'là': 3, 'b?n_bè': 3, 'quân_nhân': 3, 'thành_viên': 3, 'yêu': 3, 'n??c': 9, 'b?o_v?': 6, 'công_dân': 3, 'ng?n_ch?n': 3, 'b?o_l?c': 3, 'n?m': 3, 'cùng': 6, 'sát_cánh': 3, 'bên': 3, 't?ng_th?ng': 3, 'an_ninh': 3, 'tr?n_áp': 3, 'b?o_lo?n': 3, 'h?a_h?n': 3, 'ti?p_t?c': 3, 'quay': 3, 'tr?_l?i': 3, 'chào_m?ng': 3, 'tháng': 3, 't?i': 3, '': 3}]"	Person number: 168
donald_j_trump	van_hoa	[2594]	"[{}, {'donald_j_trump': 1}, {'thi_s?': 1}]"	Person number: 569
donald_trump	chinh_tri_xa_hoi	[4466]	"[{'lá_th?': 1, '?': 1, 'tgm': 1, 'vinago': 1}, {'tr?n_maicô': 1, 'donald_trump': 1}, {'m?i': 1, 'nghe': 1, 'tin': 1, 'sáng': 1, 'g??': 1, 't?ng_th?ng': 1}]"	Person number: 570
donald_trump	the_gioi	"[165, 2599, 3746, 3746, 3746, 3945]"	"[{'eu': 42, 'hoa_k?': 136, 'trung_qu?c': 397, 'liên_minh': 11, 'châu_âu': 35, 'eu-trung': 12, 'qu?c': 12, 'b?c_kinh': 38, 'm?': 145, 'nga': 6, 'hong_kong': 12, 'u?_ban': 24, 'ch?_nh?t': 6, '??i_tây_d??ng': 15, 'châu_á': 33, 'washington': 21, 'who': 6, '?ài_loan': 6, 'geneva': 10, 'c?ng_hoà': 5, 'bi?n': 14, '?ông': 14, 'h?ng_kông': 28, 'trung_tâm': 5, 'toàn_c?u_hoá': 5, 'và': 5, 'hawaii': 5, 'anh': 5, 'paris': 5, 'wto': 14, 'huawei_technologies': 5, 'co': 5, 'canada': 5, 'asia_times': 9, '??ng': 91, 'c?ng_s?n': 64, 'yahoo': 9, 'steve_bannon': 9, 'hoa_th?nh_??n': 9, 'dân_ch?': 27, 'ph?': 18, 'wall': 18, 'wall_street': 9, 'detroit_free_press': 9, 'michigan': 9, 'cnn': 9, 'tin_lành': 9, 'pháp': 10, 'áo': 9, '??c': 9, 'lnd': 18, 'iran': 9, 'tq': 18, 'huawei': 9, 'ph??ng': 9, 'tây': 9, 'câu_l?c_b?': 9, 'kinh_t?': 18, 'new_york': 9, 'h?i_??ng': 18, 'qu?c_gia': 18, 'châu': 36, 'á': 36, 'hàn_qu?c': 9, 'iowa': 9, 'new_hampshire': 9, 'phe': 9, '??i_ngo?i': 9, 'th??ng_vi?n': 9, 'v??n': 9, 'h?ngtoà_b?ch_?c': 9, 't?_ch?c': 9, 'th??ng_m?i': 9, 'th?_gi?i': 9, 'nguy_c?': 9, 'hi?n_t?i': 9, 'b?o_an': 9, 'b?': 2, 'ngo?i_giao': 2, 'tân_c??ng': 3, 'tây_t?ng': 1}, {'mike_pompeo': 18, 'josep_borrell': 6, 'borrell': 36, 'donald_trump': 39, 'pompeo': 21, 'nhà_tr?ng_morgan_ortagus': 6, 'andrew_small': 6, 'small': 6, 'bonnie_glaser': 6, 'glaser': 18, 'giúp_?ài_loan': 6, '??c': 15, 'heiko_maas': 6, 'trump': 345, 'bloomberg_news': 5, 'joe_biden': 95, 'biden': 66, 'zhou_xiaoming': 5, 'zhou_zhou': 5, 'joe': 5, 'hillary_clinton': 41, 't?p_c?n_bình': 5, 'hui_huiyao': 5, 'michael_pompeo': 5, 'yang_jiechi': 5, 'gao_zhikai': 5, '??ng_ti?u_bình': 5, 'barack_obama': 5, 'wang': 10, 'wan_wanzhou': 5, 'zhou': 5, 'nik_nguyen': 5, 'tám_tàng': 5, 'steve_bannon': 45, 'bannon': 18, 'clinton': 9, 'asia_times': 108, 'pat_caddell': 9, 'smith': 9, 'bernie': 9, 'sanders': 9, 'george_floyd': 9, 'floyd': 72, 'barack': 9, 'obama': 63, 'khi?ptôi': 9, 'luân_công': 10, 'làmmà': 9, 'marco_rubio': 9, 'tom_cotton': 9, 'josh_hawley': 9, 'qu?c_xã': 9, 'liu_he': 27, 'robert_lighthizer': 9, 'lighthizer': 72, 'one_belt_one_road': 9, 'peter_navarro': 9, 'bob_lighthizer': 27, 't?p': 18, 'navarro': 18, 'kudlow': 9, 'steven': 9, 'mnuchin': 9, 'steve': 9, 'jason_miller': 9, 'committee': 9, 'tt': 9, 'general_spalding': 9, 'david': 9, 'p': 9, 'goldman': 9, 'kitô': 1, 'samuel_brownback': 1, 'xuân_lan': 1}, {'??i_di?n': 43, 'c?p': 6, 'cao': 33, 'chính_sách': 48, '??i_ngo?i': 31, 'an_ninh': 11, 'cho_hay': 6, 'cu?c': 170, '?i?n_?àm': 6, 'ngo?i_tr??ng': 20, 'hôm': 15, 'th?': 40, '??_ngh?': 15, 'kh?i_??ng': 6, '??i_tho?i': 18, 'song_ph??ng': 12, '??c_bi?t': 42, 't?p_trung': 42, 'thách_th?c': 23, 'hành_??ng': 24, 'tham_v?ng': 6, 'n??c': 44, '??t': 11, 'nói': 130, 'phóng_viên': 7, '??_xu?t': 12, '???c': 86, '??a': 48, 'ra': 72, 'ngày': 52, 'h?i_ngh?': 18, 'th??ng_??nh': 18, 'b?i_c?nh': 7, 'thi?u': 6, 'cam_k?t': 12, 'm?_r?ng': 11, 'kh?_n?ng': 24, 'ti?p_c?n': 32, 'th?_tr??ng': 6, 'sân_ch?i': 6, 'bình_??ng': 6, 'doanh_nghi?p': 6, 'khi': 142, 't?ng_th?ng': 268, 'có': 267, 'cách': 57, 'thù_??ch': 6, 'coi': 15, 's?n_sàng': 6, 'h?p_tác': 37, 'h?n': 98, 'vi?c': 122, 't?o': 27, 'tr?n': 6, 'th?ng_nh?t': 6, 'ch?ng': 60, 'bài': 12, 'báo': 6, 'scmp': 6, 'vi?t': 6, '': 50, 'tuyên_b?': 6, 'ng??i_phát_ngôn': 6, '??i_tác': 29, 'th?o_lu?n': 24, 't?m': 11, 'quan_tr?ng': 25, 'gi?': 15, 'v?ng': 6, 'chung': 24, 'giá_tr?': 6, 'dân_ch?': 60, 'n?_l?c': 30, 'c?ng_hoà': 6, 'nhân_dân': 6, 'trung_hoa': 6, 'nh?m': 15, 'phá_ho?i': 6, 'xã_h?i': 6, 'cho': 51, 'bi?t': 51, 'trao_??i': 6, 'quan_?i?m': 15, 's?': 138, 'hung_h?ng': 6, 't?ng': 21, 'nhi?u': 69, 'm?t_tr?n': 6, '?i?u': 35, 'ch?c_ch?n': 12, 'bao_g?m': 27, 'tình_hình': 12, 'thành_viên': 6, 'cao_c?p': 21, 'qu?_marshall': 6, 'g?i': 24, 'ý_t??ng': 25, 'là': 365, 'b??c': 15, 'h?u_ích': 12, 'mu?n': 12, 'th?y': 53, 'thúc_??y': 7, 'm?nh_m?': 15, '?i?u_hoà': 6, 'gi?a': 24, 'n?n': 6, 't?_do': 20, 'phiên_b?n': 12, 't?i_?u': 6, 'tham_gia': 40, '??y_??': 6, 'v?n_phòng': 6, 'th??ng_m?i': 148, 'công_nghi?p': 15, 'v?n_??': 60, 'k?_thu?t_s?': 6, 'b?t_ng?': 6, 'nhà': 26, 'quan_sát': 6, 'ngo?i_giao': 36, '??ng': 6, 'blog': 6, 'ông': 270, 'vào': 6, 'hình_thành': 15, 'liên_minh': 16, 'xuyên': 6, 'châu_âu': 6, 'ph?i': 34, 'làm': 159, 'theo': 36, 'mang': 41, 'c?_v?n': 20, 'trung_tâm': 15, 'chi?n_l??c': 20, 'qu?c_t?': 28, 'tr?_s?': 6, 'g?i': 6, 'tín_hi?u': 6, '??y': 6, 'mâu_thu?n': 6, '??': 6, '??i_phó': 12, 'hi?u_qu?': 15, '?i': 25, '???ng': 6, 'riêng': 6, 'chi_ti?t': 6, 'k?t_qu?': 12, 'mong_??i': 6, 'ít_nh?t': 6, 'cung_c?p': 6, 'kênh': 6, 'c?p_nh?t': 6, 'l?n': 6, 'nhau': 6, 'khác_bi?t': 6, 'tr??ng_h?p': 11, 'm?t_cách': 6, 'thông_tin': 6, 'bóp_méo': 6, 'l?i': 34, 'tìm': 22, 'ti?ng_nói': 6, 'l?nh_v?c': 16, 'khác': 36, 'quanh': 6, 't?_ch?c': 6, '?a_ph??ng': 16, 'khó_kh?n': 20, 't?ng_c??ng': 8, 'ch?_??': 20, 'thú_v?': 6, 'rút': 20, 'kh?i': 11, '?nh_h??ng': 11, 'giúp': 11, 'khôi_ph?c': 11, 'vai_trò': 15, 'quan_sát_viên': 6, 'h?p': 6, 'tham_d?': 6, 'b?_tr??ng': 29, 'qu?c_gia': 25, 'hi?n': 6, 'ti?p_t?c': 15, '?àm_phán': 39, 'xem': 20, 'li?u': 11, 'ti?n_tri?n': 6, 'd?_dàng': 6, '??t': 6, 'tho?_thu?n': 74, 'm?i': 21, 'quan_tâm': 15, 't??ng_t?': 11, 'công_b?ng': 15, '??u_t?': 15, 'tuân_th?': 6, '?i?u_??c': 6, 'ngh?a_v?': 6, 'minh_b?ch': 6, 'cu?c_chi?n': 12, 'covid-': 24, 'ng??i': 137, 'l?m': 5, 't??ng': 5, 'câu': 24, 'h?i': 38, 'thích': 5, 'th?ng': 15, 'thêm': 15, 'n?m': 143, '?m_áp': 5, 'sáng': 5, 'quan_ch?c': 37, '?ng_h?': 75, 'b?u': 10, 'g?n': 19, 'l?p_lu?n': 14, 'th??ng_xuyên': 5, 'b?u_c?': 61, 'tháng': 82, '??ng_lòng': 5, 'h?_tr?': 10, 'tin': 37, 'l?i_ích': 5, 'xói_mòn': 5, 'lên': 5, 'm?ng_l??i': 5, 'chi?n_tranh': 23, 'phát_??ng': 5, 'l?n': 37, 'thi?t_h?i': 5, 'tranh_ch?p': 10, 'liên_t?c': 14, 'b?t_?n': 5, '??a_chính_tr?': 5, '??ng': 25, 'truy?n_th?ng': 15, 'c?ng_c?': 5, 'quan_h?': 24, '?è': 5, 'ch?t': 5, 'xung_??t': 10, 'ngh?': 194, 'nguy_hi?m': 5, '??ng_minh': 10, 'nh?m': 14, 'phá_hu?': 19, 'hi?n_t?i': 19, 'l?p': 10, 'tình_c?m': 5, 'chính_ph?': 41, 'chi?n_th?ng': 42, 'suy_y?u': 5, 'tài_s?n': 5, 'nh?t': 32, 'ki?m_tra': 5, 'su?t': 5, 'nhi?m_k?': 5, 'nh?n': 5, 'phe': 5, '??i_l?p': 5, 'h??ng': 5, 'l??ng': 5, 'sâu_s?c': 10, 'b?': 46, 'phân_c?c': 5, 'c?m_giác': 5, 'n?m_b?t': 5, 't?i': 24, 'tr?_nên': 10, 't?i_t?': 14, 'mong_mu?n': 5, 'tránh': 10, 'ng?c_nhiên': 5, 'th?t_v?ng': 5, 'nh?n_m?nh': 20, 'liên_h?': 14, 'hi?u': 14, 'rõ': 5, 'kinh_t?': 41, 'chuy?n': 23, 'h??ng': 5, '??i_??u': 28, 'yêu_sách': 5, 'lãnh_th?': 5, 'buôn_bán': 5, 'y_t?': 5, 'công_c?ng': 5, 'nhân_quy?n': 6, 'công_ngh?': 14, 'lâu': 14, 'tr?c_di?n': 5, 'áp_d?ng': 10, 'giai_?i?u': 5, 'kh?c_nghi?t': 5, 'v?n_??ng': 5, 'n?i_b?': 5, 'nóng': 5, 'mô_t?': 6, 'ch?_t?ch': 14, 'tên': 14, 'côn_??': 5, 'ca_ng?i': 5, 'd?ng_c?m': 5, 'phi_th??ng': 5, 'bi?u_tình': 5, 'cáo_bu?c': 15, 'ho?t_??ng': 14, 's?n': 5, 'm?i': 5, 'xa': 5, 'ch?_trích': 10, 'tr?c_ti?p': 14, 'ki?m_duy?t': 5, 'cho_phép': 14, 'l?i': 37, 'tính': 5, 'dân_t?c': 14, 'l?u_hành': 5, 'tr?c_tuy?n': 5, 'thi?n_chí': 5, 'n?i_các': 5, 'sáng_l?p': 5, 'lúc': 5, 'b?t_??u': 23, 'ng??i_thân': 5, 'gi?': 5, 'c?m_thông': 5, 'khó_tính': 5, 't?n_d?ng': 5, 'danh_ti?ng': 5, 'b?t_ch?p': 5, 'khen_ng?i': 5, 'ban_??u': 5, 'x?_lý': 5, 'bùng_n?': 5, 'coronavirus': 5, 'd?u_hi?u': 5, 'bên': 6, 'qu?n_lý': 23, 'd?_ki?n': 6, 's?': 5, 'g?p': 14, 'hàng_??u': 5, 'quen_thu?c': 10, 'k?_ho?ch': 10, 'tác_??ng': 5, 'lâu_dài': 5, '?n_??nh': 5, 'gia_t?ng': 5, 'ph?n_??i': 5, 'phân_bi?t': 6, '??i_x?': 6, 'c?nh_sát': 24, 'suy_?oán': 5, '??i_d?ch': 5, 'k?t_thúc': 5, 'h?n_lo?n': 5, 'hoa_k?': 5, 't?n_t?i': 5, 'phiên_d?ch_viên': 5, 'tr??c_nh?t': 5, 'th?_?ô': 5, 'v?n': 5, 'thân_thi?n': 5, '?ánh': 5, 'thu?': 5, 'ép': 5, 'chi_tiêu': 5, 'qu?c_phòng': 5, 't?p_th?': 5, 'hi?p_??nh': 14, 'phá': 5, 'v?': 5, 'ch?ng_t?': 5, 'm?': 5, 'khí_h?u': 10, 'th?i': 23, 'làm_vi?c': 41, 'bi?n_??i': 5, 'c?i_cách': 32, 'tpp': 5, 'c?p_??': 5, 'cá_nhân': 5, 'chính_quy?n': 16, '??n_gi?n': 5, 'dành': 14, 'th?i_gian': 23, 'gia_?ình': 5, 'suy_ngh?': 5, 'giám_??c_?i?u_hành': 5, 'giam_gi?': 5, 'ch?': 5, 'quy?t_??nh': 5, 'v?': 14, 'yêu_c?u': 5, 'd?n_??': 5, 'lu?t': 6, 'gây': 23, 'ph?n_n?': 5, 'qu?c_h?i': 14, 'nghi_v?n': 5, 'giai_?o?n': 5, 'ngày_nay': 5, 'ng??i_dân': 59, 'rõ_ràng': 5, 'm?c_tiêu': 5, 'shared': 5, 'with': 5, 'andy_le': 5, 'steve': 9, 'bannon': 27, 'tr?_l?i': 18, 'tranh_c?': 81, 'ng?n_ng?i': 9, 'nói_th?ng': 9, 'ph?ng_v?n': 9, 'ý_ngh?': 9, 'tt': 19, 'chi?n_d?ch': 63, 'ý_ki?n': 9, 'toàn': 18, 'c?u': 9, 'hình': 9, 'facebook': 9, 'chi?n_l??c_gia': 9, 'b?ch_?c': 9, 'giám_??c': 18, '?i?m': 54, 'th?m_dò': 45, 'xu?ng': 9, 'th?p': 18, 'so': 18, '??i_th?': 9, 'ch?': 9, 'ngân_hàng': 9, 'tín_nhi?m': 9, 'r?ng_rãi': 18, 'thi?t_k?': 9, 'ch?_ngh?a_dân_tuý': 18, 'thành_công': 18, 't?n_công': 18, 'tham_nh?ng': 18, 'hôm_nay': 18, 'ph?_nh?n': 9, 'tin_??n': 9, '?óng': 9, 'chính_th?c': 27, 'khuyên': 45, '?ng_c?_viên': 27, 'b?n': 90, 'gia_ch?': 9, 'ch?t': 9, 'ti?p_theo': 9, 'l?n': 18, 'ti?n_hành': 9, 'tr?_thành': 28, 'tu?_thu?c': 9, 'vào_cu?c': 18, 'th?i_?i?m': 9, 'nghiên_c?u': 9, 'd?_án': 9, 'm?': 9, 'thu?c': 9, 't?ng_l?p': 9, 'trung_l?u': 9, 'lao_??ng': 9, '??u_tiên': 18, 'l?ch_s?': 36, 'c?m_th?y': 18, '??t_n??c': 27, 'suy_tàn': 9, 'gi?i': 9, 'tinh_hoa': 9, 'c?n': 18, 'quay': 45, 'toàn_c?u_hoá': 18, 't?t': 63, 'k?': 27, 'dc': 9, 'suy_thoái': 9, 'd?t': 9, 'kém': 9, 'ch?n': 9, 'bàn_th?o': 9, 'vòng': 9, '??i_ch?i': 9, 'kinh_?i?n': 9, 'ch?_ngh?a': 27, 'toàn_c?u': 18, 'cùng': 9, 'ph?n': 9, 'asia_times': 9, 's?t_gi?m': 18, 'rõ_r?t': 9, 'tu?n': 10, 'qua': 10, 'n?i_d?y': 9, 'ch?t': 27, 'th?c_s?': 27, 'con_s?': 9, 'g?n': 9, 'sát_h?i': 18, 'c?a_c?i': 9, 'x?y': 18, 'gi?i_pháp': 9, 'kh?ng_ho?ng': 9, 'tài_chính': 27, 'khía_c?nh': 9, '?cstq': 29, 'm?c': 18, 'công_vi?c': 36, 's?n_xu?t': 18, 'cu?i_cùng': 27, 'vô_tình': 9, 's?_d?ng': 9, 'ti?n': 19, 'gi?': 18, '?ô_la': 9, 't?p_h?p': 9, 'd?n': 27, 'tình_tr?ng': 10, 'b?nh': 9, 'ma_tuý': 9, 'c?_th?': 9, 'dùng': 9, 'ti?n': 9, 'v?ng_ch?c': 9, 'm?c': 18, 'th?i_k?': 9, 'kép': 9, 'kh?ng': 9, 't??c': 9, 'quy?n': 9, 'duy_ngô_nh?': 11, 'ph?t_giáo': 9, 'tây_t?ng': 9, 'giáo_h?i': 9, 'ng?m': 9, 'công_giáo': 9, 'phong_trào': 9, 'thái_quá': 9, 'c?_b?n': 27, 'dè_ch?ng': 9, 'd?_??nh': 9, 'duy_nh?t': 18, '??ng': 18, '??i_kháng': 9, 'nhìn': 18, 'lãnh_??o': 27, 'th??ng_vi?n': 9, 'tuy?t_v?i': 36, 'sát_nh?p': 9, 'võ_l?c': 9, 'th?_gi?i': 36, 'b?t_k?': 18, 'tr?ng_ph?t': 10, 'công_ty': 18, 'làm_?n': 9, 'h?_th?ng': 18, 'x?_ph?t': 9, 'm?c_??': 18, 'th?_t??ng': 9, 'ký': 21, 'ra_m?t': 9, '?i?n_toán': 9, 'l??ng_t?': 9, 'tr?_ng?i': 9, 'ký_k?t': 9, 'hi?p_??c': 18, 'th?_k?': 9, 'phát_bi?u': 9, 'c?_g?ng': 27, 'th?c_hi?n': 18, 't?nh': 9, 'tr?ng': 9, 'phù_h?p': 9, 'c?ng_tác_viên': 18, 'hoàn_thành': 9, 'tho?i_mái': 9, 'nói_chuy?n': 9, 'công_chúng': 9, 'nhóm': 22, 'thay_??i': 9, 'c?u_trúc': 9, 'nh?': 9, 'th?c_t?': 18, 'nghiêm_tr?ng': 18, 'gi?i_quy?t': 9, 'sai': 9, 'qu?y': 9, 'tài_tr?': 9, 'ngành': 18, 'qu?c_doanh': 9, 'xu?t_kh?u': 18, 'gi?m_phát': 9, 'công_su?t': 9, 'd?_th?a': 9, 'bu?c': 9, 'chuy?n_giao': 9, 'trung_qu?c': 9, 'b?': 9, 'nh?': 18, 's?c': 9, 'anh': 27, 'tình_hu?ng': 9, 'tr??c': 10, 'di?n': 10, 'larry': 9, 'c?_h?i': 9, '??_c?p': 9, 'nhân_v?t': 9, 'câu_chuy?n': 9, 'th?nh_v??ng': 9, 'hoà_bình': 9, 'c?t': 9, '??t': 9, 'h?u_qu?': 9, 'n?i': 10, 'kho?ng': 9, 'n?m': 18, 'khu_v?c': 9, 'g?p': 9, '?ôi': 9, 'tr?_l?i': 9, 'thông_?i?p': 9, 'gi?i_thích': 9, 'lý_do': 36, 'y?u': 9, 'xoay': 18, 'tr?c': 18, '?úng': 18, 't?_cách': 9, 'dân_tuý': 9, 's?_b?': 9, 'khi?n': 18, '?ánh_b?i': 9, 'ki?m_soát': 9, '??': 9, 'kinh_nghi?m': 9, '?i?n': 9, '??u': 9, 'th?t_b?i': 36, 'kh?ng_khi?p': 18, 'ph?_tá': 9, 'lo': 9, 'tai_ho?': 9, 'hoàn_toàn': 9, '??n': 18, 'chuy?n': 9, 'vi?ng_th?m': 9, 'xâm_nh?p': 9, 'm?ng': 9, 'không_quân': 9, 'hoá': 9, 'gi?_d?i': 9, 'h?i': 18, 'th?a_h??ng': 9, 'anh_d?ng': 9, '??i_ng?': 27, 'pompeo': 9, 'sang': 9, 'th?m_ho?': 9, 'công_nh?n': 9, '?u_?ãi': 9, 'most': 9, 'nation': 9, 'status': 9, 'vùng': 9, 'trung_tây': 9, 'giành': 9, 'mùa': 9, 'thu': 9, 'b?_phi?u': 9, 'theo_?u?i': 9, 'globalist': 9, 'gi?ng': 9, 'nh?c': 9, 'b?t_tài': 9, 'bà': 18, 'chính_tr?': 9, 'h?_s?': 10, 'suy_di?n': 9, 'ch??ng_trình': 10, 'phát_thanh': 9, 'v?_trí': 9, 'xung_quanh': 9, 'ph?n_tr?m': 9, 'h?_b?': 9, 'on': 9, 'the': 9, 'present_danger': 9, 'm?n': 9, 'th?t': 9, 'lòng': 9, '?em': 9, 's?n_?u?i': 9, 'ngoài': 9, 'tr?ng_tâm': 10, 'c?': 9, 'x?a': 9, 'm?i': 9, 'nhân_viên': 9, 'n?y': 9, 'qu?c_h?u_hoá': 9, 'c?m_?n': 9, 'trò_chuy?n': 9, '?àn_áp': 5, 'tôn_giáo': 8, 'xuân': 1, 'lanth?': 1, 'b?y': 1, 'x?u': 1, 'công_b?': 1, '?ánh_giá': 1, 'th??ng_niên': 1, 'báo_cáo': 2, 'phát_hành': 1, 'nhà_n??c': 2, 'h?u_thu?n': 1, 'b?t_gi?': 1, 'hàng_lo?t': 1, 'khu_t?_tr?': 1, 'ph?t_t?': 1, 'giáo': 1, 'truy?n_bá': 1, 't?_t??ng': 1, 'c?ng_s?n': 1, 'giáo_lý': 1, 'tín_ng??ng': 1, 'th?': 1, 'v??ng': 1, '?o': 1, 'bày_t?': 1, 'lo_ng?i': 1, 'tri?n_khai': 1, 'giám_sát': 1, 'công_ngh?_cao': 1, 'tranh': 1, 't??ng_lai': 1, 'vùng_??t': 1, 'chu?n_b?': 1, 'thông_qua': 1, '??o_lu?t': 1, 'dân_t?c_thi?u_s?': 1, 'd?_lu?t': 1, 'thành': 1, 'l?nh': 1, 'hành_pháp': 1, 'ch?_??o': 1, 'chi': 1, 'n??c_ngoài': 1, '?áp': 1, 'tr?': 1, 'móc_máy': 1, 'th?m_quy?n': 1, '??o_??c': 1, 'phê_phán': 1, 'tình_c?nh': 1, 'trong': 1, 'r?i_lo?n': 1, 'ch?ng_t?c': 1, 'b?o_v?': 1, 'hàng': 1, 'th?p_k?': 1, '??c_tin': 1}]"	Person number: 571
president_trump	the_gioi	[3897]	"[{'nhà_tr?ng': 2, 'm?': 2}, {'biker_for_trump': 2, 'president_trump': 1, 'trump': 3, 'h?ng_ng?c': 1, 'pham': 1}, {'??i': 2, 'v?': 1, '?ng_h?': 1, 'hôm': 1, 'friday_may': 1, 'có': 1, 'h?n': 1, 'ng??i': 1, '??ng_ký': 1, 'tt': 2, 'tham_gia': 1, 'd?p': 1, 'lo?n': 1, 'l?n': 1, '???c': 1, 'thành_l?p': 1, 'h?i_viên': 1, 'biker': 1, 'là': 1, 'b?n_bè': 1, 'quân_nhân': 1, 'thành_viên': 1, 'yêu': 1, 'n??c': 3, 'b?o_v?': 2, 'công_dân': 1, 'ng?n_ch?n': 1, 'b?o_l?c': 1, 'n?m': 1, 'cùng': 2, 'sát_cánh': 1, 'bên': 1, 't?ng_th?ng': 1, 'an_ninh': 1, 'tr?n_áp': 1, 'b?o_lo?n': 1, 'h?a_h?n': 1, 'ti?p_t?c': 1, 'quay': 1, 'tr?_l?i': 1, 'chào_m?ng': 1, 'tháng': 1, 't?i': 1, '': 1}]"	Person number: 2221
trump	chinh_tri_xa_hoi	"[217, 3162]"	"[{'vi?t_nam': 4, 'bbc': 1}, {'trump': 3, '??_chí': 1}, {'nh?': 2, 'c?m': 2, 'lá': 2, 'c?': 2, '??': 2, 'sao_vàng': 2, 'v?y_v?y': 2, '???c': 2, 'nhân_dân': 2, 'n??c': 2, 'm?n_yêu': 2, 'so': 2, 't?ng_th?ng': 2, '??n': 2, 'tháng': 1, 'n?m': 1, 'bài': 2, 'vi?t': 1, 'ki?n_trúc_s?': 1, 'ph?n_h?i': 1, 'báo': 1, 'ghét': 1, 'cu?ng': 1, 'báo_?i?n_t?': 1}]"	Person number: 2753
trump	doi_song	[3145]	"[{}, {'trump': 1}, {'??': 1, 'c?n': 1, 'ph?i': 1, 'xu?t_hi?n': 1, 'báo_chí': 1, 'tr?_l?i': 1, 'ngu': 1}]"	Person number: 2754
trump	the_gioi	"[2060, 2060, 2519, 2599, 2599, 2599, 2599, 2599, 2599, 2599, 2599, 2599, 2599, 2599, 2599, 2599, 2599, 2599, 2599, 2599, 2599, 2672, 3045, 3052, 3052, 3746, 3746, 3746, 3746, 3746, 3746, 3746, 3746, 3746, 3746, 3746, 3746, 3746, 3746, 3746, 3746, 3746, 3746, 3746, 3746, 3746, 3746, 3746, 3746, 3746, 3746, 3746, 3746, 3897, 3897, 3897, 3945, 3945, 3945, 4320, 4469, 4491, 4491, 4491, 4491, 4491, 4491, 4491, 4491, 4491, 4491, 4833, 4837, 4837]"	"[{'hk': 147, 'trung_qu?c': 54653, 'h?ng_kông': 7040, 'h??ng_c?ng': 248, 'hawaii': 1419, 'u?_ban': 2296, 'công_tác': 147, '??i_ngo?i': 1141, 'trung_??ng': 147, 'b?_chính_tr?': 294, '??ng': 10276, 'c?ng_s?n': 7156, 'm?': 19901, 'washington': 3901, '?ng_phó': 147, 'nguy_c?': 1141, '?cstq': 147, 'anh': 1272, 'pháp': 1192, 'h?_vi?n': 147, 'm?_pelosi': 147, 'nhà_tr?ng': 267, 'new_york': 1226, 'china': 232, 'b?c_kinh': 7293, 'hi?p_h?i': 147, 'nghiên_c?u': 147, 'macao': 147, 'phe': 1141, 'dân_ch?': 3182, 'macau': 147, 'tháp': 147, 'trump': 147, 'ph?': 2135, 'wall': 2135, 'epoch_times': 147, 'hoa_k?': 18539, 'geneva': 2250, 'c?ng_hoà': 1210, 'bi?n': 2119, '?ông': 2119, 'trung_tâm': 1125, 'toàn_c?u_hoá': 1125, 'và': 1125, 'liên_minh': 1226, 'châu_âu': 1125, 'paris': 1125, 'wto': 2119, 'huawei_technologies': 1125, 'co': 1125, 'canada': 1125, 'lãnh_s?_quán': 101, '??c_khu': 101, 'asia_times': 994, 'yahoo': 994, 'steve_bannon': 994, 'hoa_th?nh_??n': 994, 'wall_street': 994, 'châu_á': 2982, 'detroit_free_press': 994, 'michigan': 994, 'cnn': 994, 'tin_lành': 994, 'áo': 994, '??c': 994, 'lnd': 1988, 'iran': 994, 'tq': 1988, 'huawei': 994, 'ph??ng': 994, 'tây': 994, 'câu_l?c_b?': 994, 'kinh_t?': 1988, 'h?i_??ng': 1988, 'qu?c_gia': 1988, 'châu': 3976, 'á': 3976, 'hàn_qu?c': 994, 'iowa': 994, 'new_hampshire': 994, 'th??ng_vi?n': 1022, 'v??n': 994, 'h?ngtoà_b?ch_?c': 994, 't?_ch?c': 994, 'th??ng_m?i': 994, 'th?_gi?i': 994, 'hi?n_t?i': 994, '??i_tây_d??ng': 994, 'b?o_an': 994, 'b?': 102, 'ngo?i_giao': 116, 'tân_c??ng': 153, 'tây_t?ng': 51, 'qu?c_h?i': 14, 'ford': 14, 'vi?t_nam': 17, 'âu_châu': 85, 'california': 85, 'mayors_dân_ch?': 85, 'mi?n': 3, 'nam': 3}, {'bannon': 3017, 'm?_pompeo': 147, 'mike_pompeo': 1294, 'd??ng_khi?t_trì': 735, 'h?ng_kông_viên': 147, 'cung_di': 1911, 'yuan_gongyi': 147, 'nhà_tr?ng_steve_bannon': 147, 'viên': 2205, 'epoch_times_h?ng_kông': 147, 'luân_công': 1192, 'nancy_pelosi': 147, 'quách_v?n_quý': 147, 'hác_h?i_?ông': 147, 'm?_politico': 147, 'pompeo': 594, 't?p_c?n_bình': 1419, 'l?u_h?c': 147, 'l?u_tri?u_giai': 147, 'tr??ng_hi?u_minh': 147, 'trump': 49976, 'steven_mnuchin': 147, 'liên_th?_hoa': 147, 'bloomberg_news': 1125, 'donald_trump': 4158, 'joe_biden': 11177, 'biden': 10911, 'zhou_xiaoming': 1125, 'zhou_zhou': 1125, 'joe': 1295, 'hillary_clinton': 5101, 'hui_huiyao': 1125, 'michael_pompeo': 1125, 'yang_jiechi': 1125, 'gao_zhikai': 1125, '??ng_ti?u_bình': 1125, 'barack_obama': 1125, 'wang': 2250, 'wan_wanzhou': 1125, 'zhou': 1125, 'nik_nguyen': 1125, 'tám_tàng': 1125, 'andrew_lynh': 52, 'stand_news': 101, 'steve_bannon': 4970, 'clinton': 1079, 'asia_times': 11928, 'pat_caddell': 994, 'smith': 994, 'bernie': 994, 'sanders': 994, 'george_floyd': 994, 'floyd': 7955, 'barack': 994, 'obama': 7143, 'khi?ptôi': 994, 'làmmà': 994, 'marco_rubio': 994, 'tom_cotton': 994, 'josh_hawley': 994, '??c': 1009, 'qu?c_xã': 994, 'liu_he': 2982, 'robert_lighthizer': 994, 'lighthizer': 7952, 'one_belt_one_road': 994, 'peter_navarro': 994, 'bob_lighthizer': 2982, 't?p': 1988, 'navarro': 1988, 'kudlow': 994, 'steven': 994, 'mnuchin': 994, 'steve': 994, 'jason_miller': 994, 'committee': 994, 'tt': 994, 'general_spalding': 994, 'david': 994, 'p': 994, 'goldman': 994, 'biker_for_trump': 120, 'president_trump': 60, 'h?ng_ng?c': 60, 'pham': 60, 'kitô': 51, 'samuel_brownback': 51, 'xuân_lan': 51, 't?ng_vigano': 15, 'hi?u_toà': 15, 'washington_dc': 15, 'donald': 15, 'pelosi': 100, 'gerald_ford': 42, 'south_vietnamese': 14, 'd??ng_nguy?t_ánh': 14, 'l??ng_xuân_vi?t': 14, 'hoàng_lan': 14, 'chi': 14, 'nguy?n_t??ng_tu?n': 14, 'cuomo': 170, 'reopen': 85, 'chinese_virus': 85, 'newsom': 85, 'schumer': 85, 'black_life_matters': 85, 'antifa': 85, 'b?ng': 85, 'tran': 85, 'phan_chu_trinh': 3, 'thi?u': 6, 'd??ng_hoài_linh': 3}, {'nhà': 4981, 'tài_phi?t': 147, 'cùng': 1555, 'thúc_??y': 639, 'phong_trào': 1585, 'tr?i': 588, 'di?t': 735, 'trung_c?ng': 588, '': 4976, 'liên_th?': 147, 'hoath?': 147, 'nhân': 147, '??i': 147, 'tuyên_b?': 763, '??y_m?nh': 147, 'h?n': 14915, 'th?c_thi': 441, 'lu?t': 1996, 'an_ninh': 2021, 'qu?c_gia': 2878, 'khi?n': 2282, 'tình_c?nh': 198, '?áng': 147, 'quan_ng?i': 147, 'có': 29550, 'ngu?n': 294, 'tin': 5834, 'ra': 9319, 'ngo?i_tr??ng': 1719, 't?i': 3456, 'h?p': 602, 'bí_m?t': 147, 'ch?_nhi?m': 294, 'v?n_phòng': 294, 'u?_viên': 147, '?cstq': 6465, 'v?n_??': 4913, 'công_nghi?p': 1141, 'chuy?n': 1288, '?i': 2582, '??c_bi?t': 4270, 'nh?m': 1435, 'tìm': 3573, 'l?i_thoát': 147, 'cho': 5195, 'bi?t': 6889, 'cu?c': 18734, 'g?p': 3086, 'phía': 147, 'kh?i_x??ng': 147, 'th?y': 5774, 'qu?': 161, 'g?i': 232, 'hi?n_nay': 1029, 'kh?_n?ng': 2135, 'ngày': 5793, 'là': 41518, 'nh?': 1141, 'ông': 35023, 'chi?n_l??c': 2266, 'gia_tr??ng': 147, 'h?p_tác': 3538, '?': 232, 'v?n_??ng': 1419, 'hành_lang': 147, 'qu?c_t?': 1192, 'sáng_ch?': 147, 'nh?t': 147, 'tr?_l?i': 2443, 'ph?ng_v?n': 1288, '??c_quy?n': 147, 'ch??ng_trình': 1192, 'l?i': 5541, 'quý': 147, 'ý': 147, 'precious_dialogues': 147, 'ti?t_l?': 588, '?n': 294, 'tr?a': 147, 'thành_viên': 354, 'committee': 147, 'on': 1141, 'the': 1254, 'present_danger': 1141, 'b?a': 147, 'nói_chuy?n': 1141, '??t': 232, '??ng_thu?n': 147, 'liên_quan': 294, 'nhi?m_v?': 294, 'chính': 294, '??ng_ý': 147, 'cung_di': 588, 'd?n': 3276, 'nói': 12643, 'xu_h??ng': 147, 'chung': 294, 'ch?_??': 2266, 'trung_tâm': 1141, 'b?u_c?': 9895, 't??ng_lai': 198, 'th?_hi?n': 248, 'ý_chí': 147, '?ng_phó': 147, 'kêu_g?i': 673, 'cung_c?p': 147, '?i?u_ki?n': 147, 'h?c_t?p': 147, 'sinh_viên': 147, 'yêu_c?u': 1566, 'tr?': 351, 'ch?_quy?n': 147, 'quy?n': 1144, 't?_quy?t': 147, 'công_dân': 221, 'l?p_pháp': 294, 'xác_??nh': 294, 'b?ng_nhóm': 147, 't?i_ph?m': 379, 'gây': 3554, 's?c_ép': 147, '??ng_viên': 232, 'b?': 1141, '??ng': 5857, 'gi?i_thích': 1141, 'l?n': 2577, '??u_tiên': 2135, '???c': 11914, '??_xu?t': 588, 'h?c_viên': 147, 'ch?_y?u': 147, 'h?n_ch?': 294, 'kh?u_hi?u': 147, 'hy_v?ng': 294, 'pompeo': 1288, 'tu?n': 1486, 'giúp_??': 147, 'ng??i': 22491, 'tr?': 147, 'tu?i': 161, 'làm': 20214, 'phim': 147, 'c?nh_sát': 3317, 't?n_công': 2236, 'tình_d?c': 147, 'cô': 147, 'gái': 147, 'bi?u_tình': 1379, '??u_tranh': 147, '??_trình': 147, 'ch?_t?ch': 2413, '??i_di?n': 5379, 'nhóm': 2500, 'ph?_n?': 147, 'qu?c_h?i': 2266, 'thông_qua': 198, 'ch?ng': 5559, 'loài_ng??i': 147, 'tài_tr?': 1141, 'phá_hu?': 3538, 't??ng': 441, 'l?a': 441, 'bannon': 3276, 'doanh_nhân': 147, 'giàu_có': 147, 's?ng': 294, 'l?u_vong': 147, 'thành_l?p': 207, 'liên_bang': 147, 'new_federal_state': 147, 'ho?t_??ng': 2498, 'tham_gia': 4445, 'c?u_th?': 147, 'bóng_?á': 147, 'gi?i_ngh?': 147, 'n?i_ti?ng': 147, 'k?_ho?ch': 2691, 'ban_??u': 1272, 'mu?n': 379, 'ph?i': 3503, 'danh_chính_ngôn_thu?n': 147, 'hi?n': 161, 'd?c': 147, 's?c': 246, 'l?t_??': 147, 'vi?c': 12214, 'gi?': 1141, 'làm_vi?c': 5248, 'vui_v?': 147, 'chính_ph?': 5248, 'phân_b?': 147, 'kinh_phí': 147, 'giúp': 1272, 'ng??i_dân': 7324, 's?_th?t': 147, 't?t': 7399, 'ngày_nay': 1272, 'n??c': 6085, 'nguyên_do': 147, 'ch?c_ch?n': 294, 'hành_??ng': 2591, 'h?u_ích': 147, 'thông_tin': 147, 'gi?a': 2135, 'theo': 4663, 'trang_web': 147, 'tin_t?c': 147, 'chính_tr?': 1303, 'ph?_trách': 147, 'ngo?i_giao': 4516, 'hành_trình': 147, 'công_b?': 198, 'nhau': 147, 'th?': 4532, 'tr??c': 1512, 'ch?': 147, 'công_khai': 147, 'chuyên_viên': 147, 'c?_ý': 147, 'rò_r?': 147, 'truy?n_thông': 147, 'ng?n_ch?n': 207, 'tung': 200, 'th?t_thi?t': 147, 'phân_tích': 294, 'y?u_th?': 147, '?àm_phán': 5510, 'd?_ki?n': 1323, 'th?c_hi?n': 2367, 'khi': 18656, 'ban_hành': 147, 'nhi?u': 11378, 'h?ng_kông': 147, 'lo_l?ng': 147, '??a': 5384, 'c?a_c?i': 1141, 'kh?i': 1300, 'cân_nh?c': 147, 'di_c?': 147, 'n??c_ngoài': 212, 'c?m_giác': 1272, 'chu?n_b?': 198, 'b?t_b?': 147, 'xu?ng_n??c': 147, 'c??ng_ch?': 147, 'lãnh_??o': 3129, 'c?nh': 147, 'khó': 147, 'x?': 147, 'tình_hình': 441, 't??ng_t?': 1272, 'tho?_thu?n': 8377, 'th??ng_m?i': 19234, 'trung-m?': 147, 'n?m_ngoái': 441, 'phái': 147, 'ý_??nh': 147, 'rõ': 1272, 'ngh?a_là': 147, 'mâu_thu?n': 147, 'n?i_b?': 1820, 'gay_g?t': 147, 'gi?ng': 1155, 'tr??ng_h?p': 1272, 'm?t_m?t': 147, 'ch?ng_??i': 147, 'cu?i': 147, 'tháng': 10409, 'ch?u': 379, 'áp_l?c': 147, 'l?n': 5379, 'c?': 147, '??u_hàng': 147, 'quan_ch?c': 8124, 'lu?t_l?': 232, 't?i_t?': 2266, 'hình_ph?t': 147, 'g?n': 3391, 'lau': 147, 'siu-kai': 147, 'b?u': 2560, 'h?i_??ng': 147, 'chi?n_th?ng': 6504, 'gh?': 147, 'ngh?_viên': 147, 'tr?': 147, 'lên': 1504, 'bày_t?': 198, 'quan_?i?m': 1141, 'cai_tr?': 147, 'c?ng_r?n': 147, 'lên_án': 147, 'tr?_thù': 147, 'thua': 147, 'phát_ngôn': 147, 'ki?u': 147, 'xã_h?i_?en': 147, '?ánh_giá': 398, 'cao': 3276, 's?c_m?nh': 441, 'c?n': 2282, 'th?a_th?ng': 294, 'ti?n': 1141, 'tr??c_?ây': 147, 'n?m': 18828, 'trú': 147, 'toà': 147, 'hàng_xóm': 147, 't?ng': 294, 'trên': 232, 'd??i': 147, 't?ng_th?ng': 34468, 'quen_thu?c': 2544, 'gi?i': 1141, 'trùm': 147, 'chênh_l?ch': 147, 'xa': 1272, 'th?_gi?i': 4310, 'bên': 1468, 'ngoài': 1141, 'ngu?n_l?c': 147, 's?_d?ng': 1141, 'th?_?o?n': 232, 'l?a_??o': 147, 't?t_nhiên': 147, 'thành_công': 2220, '??n_gi?n': 1272, 'ví_d?': 147, 'b?_tr??ng': 3260, 'tài_chính': 3129, 'dòng': 147, 'ti?n': 2186, 'qua': 1192, 'l?_trình': 147, 'hu?_b?': 147, 'quy_ch?': 147, '??i_x?': 1323, 'b?o_v?': 324, 'nhà_??u_t?': 147, 'tránh': 2397, 'b?': 6373, '?nh_h??ng': 1272, 'công_ty': 2220, '??i_l?c': 147, 'tuân': 147, 'tiêu_chu?n': 147, 'k?_toán': 147, 'c?m': 147, 'l?u_thông': 147, '?ô_la': 1141, 'cách': 6856, '??i_phó': 147, 'xông': 147, '??ng': 72, 'k?': 86, 'phá_ho?i': 78, 'l?m': 1125, 't??ng': 1125, 'câu': 3167, 'h?i': 5283, '??t': 1125, 'thích': 1125, 'th?ng': 3375, 'thêm': 3390, '?m_áp': 1125, 'ý_t??ng': 3244, 'sáng': 1125, '?ng_h?': 11881, 'l?p_lu?n': 2119, 'th??ng_xuyên': 1125, '??ng_lòng': 1125, 'h?_tr?': 2250, 'l?i_ích': 1125, 's?': 16080, 'xói_mòn': 1125, 'm?ng_l??i': 1125, 'liên_minh': 2351, 'chi?n_tranh': 3113, 'phát_??ng': 1125, 'thi?t_h?i': 1125, 'tranh_ch?p': 2250, 'liên_t?c': 2220, 'b?t_?n': 1125, '??a_chính_tr?': 1125, 'xem': 2133, 'dân_ch?': 6442, 'truy?n_th?ng': 3389, 'c?ng_c?': 1125, 'm?i': 3375, 'quan_h?': 4369, '?a_ph??ng': 2250, '?è': 1125, 'ch?t': 1210, 'xung_??t': 2250, 'ngh?': 21999, '?i?u': 3113, 'nguy_hi?m': 1210, '??ng_minh': 2250, 'nh?m': 2119, 'hi?n_t?i': 3244, 'l?p': 2250, 'tình_c?m': 1125, 'suy_y?u': 1125, 'tài_s?n': 1128, 'nh?t': 4107, 'ki?m_tra': 1125, 'm?_r?ng': 1125, 'su?t': 1125, 'nhi?m_k?': 1128, 'nh?n': 1140, 'phe': 1125, '??i_l?p': 1125, 'h??ng': 1125, 'l??ng': 1125, 'sâu_s?c': 2250, 'phân_c?c': 1125, 'n?m_b?t': 1125, 'tr?_nên': 2250, 'mong_mu?n': 1125, 'ng?c_nhiên': 1125, 'th?t_v?ng': 1125, 'nh?n_m?nh': 3295, 't?m': 1125, 'quan_tr?ng': 3244, 'liên_h?': 2119, 'hi?u': 2304, 'kinh_t?': 5271, 'chuy?n': 3113, 'h??ng': 1128, '??i_??u': 4238, 'thách_th?c': 1125, 'l?nh_v?c': 2250, 'yêu_sách': 1125, 'lãnh_th?': 1125, 'buôn_bán': 1125, 'y_t?': 1125, 'công_c?ng': 1125, 'nhân_quy?n': 1176, 'công_ngh?': 2119, 'lâu': 2119, 'ti?p_c?n': 2119, 'tr?c_di?n': 1125, 'áp_d?ng': 2250, 'giai_?i?u': 1125, 'kh?c_nghi?t': 1125, 'nóng': 1125, 'mô_t?': 1176, 'tên': 2119, 'côn_??': 1125, 'ca_ng?i': 1125, 'd?ng_c?m': 1125, 'phi_th??ng': 1125, 'cáo_bu?c': 2170, 's?n': 1125, 'm?i': 1125, 'ti?p_t?c': 1441, 'ch?_trích': 2366, 'tr?c_ti?p': 2119, 'ki?m_duy?t': 1125, 'cho_phép': 2204, 'mang': 3198, 'tính': 1125, 'dân_t?c': 2119, 'l?u_hành': 1125, 'tr?c_tuy?n': 1125, 'thi?n_chí': 1125, 'c?_v?n': 2119, 'n?i_các': 1125, 'sáng_l?p': 1125, 'lúc': 1125, 'b?t_??u': 3113, 'cu?c_chi?n': 1176, 'ng??i_thân': 1125, 'gi?': 1125, 'c?m_thông': 1125, 'khó_tính': 1125, 't?n_d?ng': 1125, 'danh_ti?ng': 1125, 'b?t_ch?p': 1210, 'khen_ng?i': 1125, 'x?_lý': 1125, 'bùng_n?': 1125, 'coronavirus': 1177, 'd?u_hi?u': 1125, 'qu?n_lý': 3113, 's?': 1125, 'hàng_??u': 1125, 'tác_??ng': 1125, 'lâu_dài': 1125, '?n_??nh': 1125, 'gia_t?ng': 1125, 'ph?n_??i': 1311, 'phân_bi?t': 1176, 'suy_?oán': 1125, 'li?u': 1178, '??i_d?ch': 1125, 'k?t_thúc': 1125, 'h?n_lo?n': 1125, 'hoa_k?': 1125, 't?n_t?i': 1140, 'phiên_d?ch_viên': 1125, 'chính_sách': 3164, 'tr??c_nh?t': 1125, 't?o': 2173, 'th?_?ô': 1125, 'v?n': 1125, 'thân_thi?n': 1125, '?ánh': 1125, 'thu?': 1125, '??i_tác': 3113, 'ép': 1125, 'chi_tiêu': 1125, 'qu?c_phòng': 1125, 't?p_th?': 1125, 'rút': 2119, 'hi?p_??nh': 2119, 'phá': 1137, 'v?': 1125, 'ch?ng_t?': 1125, 'khó_kh?n': 2119, 'm?': 1125, 'khôi_ph?c': 1125, 'khí_h?u': 2250, 'th?i': 3116, 'bi?n_??i': 1125, 'c?i_cách': 4107, 'tpp': 1125, 'c?p_??': 1125, 'cá_nhân': 1125, 'chính_quy?n': 2230, 'dành': 2119, 'th?i_gian': 3113, 'gia_?ình': 1139, 'suy_ngh?': 1210, 'giám_??c_?i?u_hành': 1125, 'giam_gi?': 1125, 'ch?': 1125, 'quy?t_??nh': 1125, 'v?': 2179, 'd?n_??': 1125, 'ph?n_n?': 1125, 'nghi_v?n': 1125, 'giai_?o?n': 1210, 'rõ_ràng': 1125, 'm?c_tiêu': 1125, 'shared': 1125, 'with': 1125, 'andy_le': 1125, 'ph?m': 53, 'sai_l?m': 53, 'th?p': 2041, 'b?i_c?nh': 119, 'nhà_lãnh_??o': 53, 'c?': 53, 'khôn_ngoan': 53, '??m_?á': 52, 'hình_n?m': 153, 'tt': 2820, 'can_thi?p': 355, 'công_vi?c': 4043, '?áp': 204, 'black_lives_matter': 52, 't?_ch?c': 101, 'thân': 101, 'tình_yêu': 101, 't?_t?p_ki?n': 101, 'ngh?': 101, 'hôm_nay': 2089, 'lu?t_pháp': 186, '??o_lu?t': 152, '??m': 101, '?á': 101, 'n?m': 101, 'chuy?n': 101, 's?': 101, 'ghê': 101, 'c?': 101, 'steve': 994, 'tranh_c?': 8946, 'ng?n_ng?i': 994, 'nói_th?ng': 994, 'ý_ngh?': 994, 'chi?n_d?ch': 7043, 'ý_ki?n': 994, 'toàn': 1988, 'c?u': 994, 'l?i': 3033, 'hình': 994, 'facebook': 994, 'chi?n_l??c_gia': 994, 'cao_c?p': 994, 'b?ch_?c': 994, 'giám_??c': 1988, '?i?m': 5964, 'th?m_dò': 4970, 'xu?ng': 997, 'so': 2073, '??i_th?': 994, 'ch?': 994, 'ngân_hàng': 994, '??u_t?': 994, 'tín_nhi?m': 994, 'r?ng_rãi': 1988, 'thi?t_k?': 994, 'ch?_ngh?a_dân_tuý': 1988, 'tham_nh?ng': 1988, 'ph?_nh?n': 994, 'tin_??n': 994, '?óng': 994, 'vai_trò': 994, 'chính_th?c': 2982, 'm?nh_m?': 994, 'khuyên': 4970, 't?p_trung': 3976, 'g?i': 2158, '?ng_c?_viên': 2996, 'b?n': 9997, 'gia_ch?': 994, 'ch?t': 994, 'ti?p_theo': 994, 'ti?n_hành': 994, 'tr?_thành': 3033, 'tu?_thu?c': 994, 'vào_cu?c': 1988, 'th?i_?i?m': 994, 'nghiên_c?u': 994, 'khác': 3404, 'd?_án': 994, 'm?': 1008, 'thu?c': 994, 't?ng_l?p': 994, 'trung_l?u': 994, 'lao_??ng': 994, 'l?ch_s?': 3976, 'c?m_th?y': 1988, '??t_n??c': 2996, 'suy_tàn': 994, 'tinh_hoa': 994, 'quan_tâm': 994, 'quay': 5030, 'toàn_c?u_hoá': 1988, 'k?': 2982, 'dc': 1589, 'suy_thoái': 994, 'd?t': 994, 'kém': 994, 'ch?n': 1008, 'bàn_th?o': 994, 'hình_thành': 994, 'vòng': 994, '??i_ch?i': 994, 'kinh_?i?n': 994, 'ch?_ngh?a': 2982, 'toàn_c?u': 1988, 'ph?n': 1079, 'asia_times': 994, 's?t_gi?m': 1988, 'rõ_r?t': 994, 'n?i_d?y': 994, 'ch?t': 2982, 'th?c_s?': 2982, 'con_s?': 1079, 'g?n': 994, 'sát_h?i': 1988, 'x?y': 1988, 'gi?i_pháp': 994, 'kh?ng_ho?ng': 994, 'khía_c?nh': 994, 'm?c': 1988, 'covid-': 2158, 's?n_xu?t': 1988, 'cu?i_cùng': 2982, 'vô_tình': 994, 'gi?': 1988, 't?p_h?p': 994, 'tình_tr?ng': 1045, 'b?nh': 994, 'ma_tuý': 994, 'c?_th?': 994, 'dùng': 1249, 'v?ng_ch?c': 994, 't?ng': 994, 'm?c': 1988, 'th?i_k?': 994, 'kép': 994, 'kh?ng': 994, 't??c': 994, 't?_do': 1252, 'duy_ngô_nh?': 1096, 'ph?t_giáo': 994, 'tây_t?ng': 994, 'giáo_h?i': 1009, 'ng?m': 1009, 'công_giáo': 1024, 'thái_quá': 994, 'c?_b?n': 2982, 'dè_ch?ng': 994, 'd?_??nh': 994, 'duy_nh?t': 1988, '??ng': 1988, '??i_kháng': 994, 'nhìn': 2073, 'th??ng_vi?n': 1008, '??_ngh?': 1093, 'tuy?t_v?i': 3976, 'sát_nh?p': 994, 'võ_l?c': 994, 'b?t_k?': 1988, 'công_b?ng': 994, 'tr?ng_ph?t': 1045, 'làm_?n': 994, 'h?_th?ng': 1988, 'x?_ph?t': 994, 'm?c_??': 1988, 'th?_t??ng': 994, 'ký': 2141, 'ra_m?t': 994, '?i?n_toán': 994, 'l??ng_t?': 994, 'tr?_ng?i': 994, 'ký_k?t': 994, 'coi': 994, 'hi?p_??c': 1988, 'th?_k?': 994, 'phát_bi?u': 994, 'c?_g?ng': 2982, 't?nh': 994, 'tr?ng': 994, 'phù_h?p': 994, 'c?ng_tác_viên': 1988, 'hoàn_thành': 994, 'tho?i_mái': 994, 'công_chúng': 994, 'thay_??i': 994, 'c?u_trúc': 994, 'th?c_t?': 1988, 'nghiêm_tr?ng': 1988, 'gi?i_quy?t': 994, 'sai': 1012, 'qu?y': 994, 'bao_g?m': 994, 'ngành': 1988, 'qu?c_doanh': 994, 'xu?t_kh?u': 1988, 'gi?m_phát': 994, 'công_su?t': 994, 'd?_th?a': 994, 'bu?c': 994, 'chuy?n_giao': 994, 'trung_qu?c': 994, 'nh?': 1988, 's?c': 994, 'anh': 2982, 'tình_hu?ng': 994, 'di?n': 1060, 'larry': 994, 'c?_h?i': 994, 'n?_l?c': 1988, '??_c?p': 994, 'nhân_v?t': 994, 'câu_chuy?n': 994, 'th?nh_v??ng': 994, 'hoà_bình': 994, 'c?t': 994, '??t': 994, 'h?u_qu?': 994, 'n?i': 1130, 'kho?ng': 994, 'n?m': 2002, 'khu_v?c': 994, 'g?p': 994, '?ôi': 994, 'tr?_l?i': 1139, 'thông_?i?p': 994, 'lý_do': 3990, 'y?u': 994, '??i_ngo?i': 2039, 'xoay': 1988, 'tr?c': 1988, '?úng': 1991, 't?_cách': 994, 'dân_tuý': 994, 's?_b?': 994, '?ánh_b?i': 994, 'ki?m_soát': 994, '??': 1008, 'kinh_nghi?m': 994, '?i?n': 994, '??u': 1164, 'th?t_b?i': 3976, 'kh?ng_khi?p': 1988, 'ph?_tá': 994, 'lo': 994, 'tai_ho?': 994, 'hoàn_toàn': 994, '??n': 2016, 'vi?ng_th?m': 1009, 'xâm_nh?p': 994, 'm?ng': 1008, 'không_quân': 994, 'hoá': 994, 'gi?_d?i': 994, 'h?i': 1988, 'b??c': 994, 'th?a_h??ng': 994, 'anh_d?ng': 994, '??i_ng?': 2997, 'sang': 1000, 'th?m_ho?': 994, 'công_nh?n': 994, '?u_?ãi': 994, 'most': 994, 'nation': 994, 'status': 994, 'vùng': 994, 'trung_tây': 994, 'giành': 994, 'mùa': 1079, 'thu': 994, 'b?_phi?u': 1022, 'theo_?u?i': 994, 'globalist': 994, 'nh?c': 994, 'b?t_tài': 994, 'bà': 1988, 'h?_s?': 1045, 'suy_di?n': 994, 'phát_thanh': 994, 'v?_trí': 994, 'xung_quanh': 994, 'ph?n_tr?m': 994, 'h?_b?': 994, 'm?n': 994, 'th?t': 994, 'lòng': 994, '?em': 994, 'hi?u_qu?': 994, 's?n_?u?i': 994, 'tr?ng_tâm': 1045, 'c?': 994, 'x?a': 994, 'm?i': 997, 'nhân_viên': 994, 'n?y': 994, 'qu?c_h?u_hoá': 994, 'c?m_?n': 994, 'trò_chuy?n': 994, '??i': 120, 'hôm': 213, 'friday_may': 60, '??ng_ký': 60, 'd?p': 60, 'lo?n': 60, 'h?i_viên': 60, 'biker': 60, 'b?n_bè': 60, 'quân_nhân': 60, 'yêu': 63, 'b?o_l?c': 60, 'sát_cánh': 60, 'tr?n_áp': 60, 'b?o_lo?n': 74, 'h?a_h?n': 60, 'chào_m?ng': 60, 't?ng_c??ng': 102, '?àn_áp': 255, 'tôn_giáo': 408, 'xuân': 51, 'lanth?': 51, 'b?y': 51, 'x?u': 51, 'th??ng_niên': 51, 'phóng_viên': 51, 'báo_cáo': 102, 'phát_hành': 51, 'nhà_n??c': 117, 'h?u_thu?n': 51, 'b?t_gi?': 51, 'hàng_lo?t': 51, 'khu_t?_tr?': 51, 'ph?t_t?': 51, 'giáo': 51, 'truy?n_bá': 51, 't?_t??ng': 51, 'c?ng_s?n': 51, 'giáo_lý': 51, 'tín_ng??ng': 51, 'th?': 51, 'v??ng': 51, '?o': 51, 'lo_ng?i': 51, 'tri?n_khai': 51, 'giám_sát': 51, 'công_ngh?_cao': 51, 'tranh': 51, 'vùng_??t': 51, 'dân_t?c_thi?u_s?': 51, 'd?_lu?t': 51, 'thành': 51, 'l?nh': 51, 'hành_pháp': 51, 'ch?_??o': 51, 'chi': 51, 'móc_máy': 51, 'th?m_quy?n': 51, '??o_??c': 65, 'phê_phán': 51, 'trong': 51, 'r?i_lo?n': 51, 'ch?ng_t?c': 51, 'hàng': 51, 'th?p_k?': 51, '??c_tin': 51, 'clip': 15, 'hay': 15, 't?ng_giám_m?c': 45, 'toà_giám_m?c': 15, 'ch?c_s?c': 15, 'giám_m?c': 30, 'giáo_ph?n': 15, 'lá': 15, 'th?': 100, '??c': 15, 'j_trump': 15, '??n': 15, 'thánh': 15, 'con': 15, 'chúa': 30, '??ng_??i': 15, '?ng': 15, 'l?': 15, 'di?n': 15, 'th??ng_ngh?_s?': 14, 'b?n_ph?n': 14, 'di_t?n': 42, 'us': 14, 'had': 14, 'no': 14, 'obligation': 14, 'moral': 14, 'or': 14, 'otherwise': 14, 'to': 28, 'evacuate': 14, 'foreign': 14, 'nationals': 14, 'xin': 42, 'g?p': 14, 'bu?i': 14, '?ón_nh?n': 14, 'di_dân': 14, 'kh?p_n?i': 14, 'we': 14, 'felt': 14, 'that': 14, 'these': 14, 'deserved': 14, 'an': 14, 'opportunity': 14, 'live': 14, 'in': 14, 'freedom': 14, 'c??ng_quy?t': 14, 'ch?p_thu?n': 42, 'ngân_sách': 28, 'getting': 14, 'vietnamese': 14, 'out': 99, 'gvn': 14, 'south_vietnam': 14, 's': 14, 'government': 14, 'are': 14, 'totally': 14, 'different': 14, '?n': 14, 'th??ng_??': 14, 's?': 28, 'phi?u': 155, 'ngài': 14, 'áp_??o': 14, 'thi?u_s?': 14, 'óc': 14, 'thành_th?t': 14, 'kh?n_n?n': 28, 'm??n': 14, 'l?i_nói': 14, 'nh?n_g?i': 14, 'vi?t': 28, 'giòng': 14, 't?c': 14, 'chi?m': 14, '?a_s?': 14, 'gi?u': 14, '??p': 14, 'khoa_h?c_gia': 14, 'v?ng': 14, 'bóng': 14, 'thi?u_t??ng': 14, 'nhân_tài': 14, 't??ng_tá': 14, 'con_cái': 14, 'quý_v?': 14, 'làm_lu?t': 14, 's?': 14, 'bác_s?': 14, 'k?_s?': 14, 'nghe': 14, 'x??ng_ca_vô_loài': 14, 'mc': 14, 'th?ng_c?': 14, 'bênh_v?c': 14, '??t': 28, 'c?a': 14, 'ti?m': 184, 'tr?m_c?p': 14, 'dám': 14, 'ti?ng_nói': 14, 'công_ph?n': 14, 'dân_chúng': 184, 'm?i': 14, 'bài': 14, 'vi?t': 14, 'trang': 14, 'trúc': 14, 't??ng_t??ng': 14, 'còn': 14, 'trí_khôn': 14, 'sinh_ho?t': 14, 'nha_k?_thu?t': 14, 'b?n': 170, 'b?nh_d?ch': 85, 't?_h?p': 85, '?ông': 85, 'racist': 85, 'ra_l?nh': 85, 'ng?n_c?n': 85, 'du_l?ch': 85, 'th?ng_??c': 255, 'ti?u_bang': 340, 'new_york': 85, 'gi?u': 85, 'máy': 85, 'tr?': 85, 'th?': 88, 'bêu': 85, 'r?u': 85, 'nâng': 85, 't?_vong': 85, 's?_hãi': 85, 's?n_lòng': 85, 's?p_??': 170, '??c_c?': 170, 'nguyên_nhân': 85, 'ém': 85, 'thu?c': 255, 'r?': 85, 'l?i_nhu?n': 85, 'd??c_ph?m': 85, 'c?u_k?t': 85, 'hydroxychloroquine': 85, 'ch?a_tr?': 85, 'tr?': 85, 'reopen': 85, 'economy': 85, 'ch': 85, 's?t_s?ng': 85, 'quy?t_li?t': 85, 'si?t': 85, '?óng_c?a': 85, 'c?_tình': 85, 'kéo_dài': 85, 'lose': 85, 'down': 85, 'tr?_c?p': 85, 'khuy?n_khích': 85, 'dân': 185, '??u_óc': 85, 'c?': 170, 'b?t': 85, 'b?u_?i?n': 85, 'd?_b?': 85, 'gian_l?n': 85, 'bail': 85, 'european': 85, 'b?t_ngu?n': 85, 'lây_lan': 85, 'nails': 170, 'm?_c?a': 85, 'd?ch': 85, '?ánh_phá': 85, 'th?i_cu?c': 85, 't?t_cùng': 85, 'new_world_order': 85, 't?_b?': 85, '??p': 85, 'sinh_m?ng': 85, 'c?a': 85, 'vô_t?i': 85, 'm?c_?ích': 85, 'qùy': 85, 'm?t': 85, 'thì': 85, 'cúi': 85, 'ngo?i_bang': 85, 'quì': 85, 'n?y': 85, 'm?_dân': 85, '??': 85, 'ki?m': 85, 'c?m_quy?n': 85, 'tát': 85, 'c?n': 85, '??m': 85, 'l?y': 85, 'kháng_c?': 85, 'mãnh_li?t': 85, 'tàn_b?o': 85, 'thâm_??c': 85, 'luân_th??ng': 85, '??o_lý': 85, 'kh?p': 85, '?i?u_khi?n': 85, 'tàu': 85, 't?p': 85, 'c': 85, 'bình': 85, 'giúp_s?c': 85, 'tích_c?c': 85, 'governors': 85, 'l?c_l??ng': 85, 's?n': 85, 'nh?t_quy?t': 85, 'kh?ng_??nh': 3, 'không': 3, '??c_tính': 3, 'cha_ông': 3, 'du_h?c': 3, 'x?_s?': 3, 'v?n_minh': 3, 'tâm_th?c': 3, 'ti?p_thu': 3, 'thanh_niên': 3, '?ông_du': 3, 'nh?m_nhe': 3, 'loa': 3, 'ngu?_bi?n': 3, 'ngai_vàng': 6, 'quy?n_l?c': 3, 'ông_cha': 3, 'quê': 3, 'công_an': 3, 'nh?y': 3, 'l?u': 3, 't?_thiêu': 3, 'c?i': 3, 'tru?ng': 3, 'can': 3, 't': 3, 'breath': 3, 'lên_ti?ng': 3, 'ôn_hoà': 3, 'dân_bi?u': 3, 'tình': 3, 'cái': 6, 'vnch': 3, 'sau': 3, 'h?t': 3, 'h?n': 3}]"	Person number: 2755
trump	van_hoa	"[159, 159, 1342, 1342]"	"[{'anh': 10, 'kenya': 10}, {'barack_obama': 20, 'malik_obama': 10, 'barack': 20, 'malik': 30, 'trump': 20, 'obama': 10}, {'copy': 10, 'cùng': 10, 'cha': 10, 'khác': 20, 'm?': 10, 'tên': 10, 'kh?ng_??nh': 10, 'sinh': 10, 's?n_sàng': 10, '??i_ch?t': 10, 'tr?c_ti?p': 10, 'truy?n_hình': 10, 'v?n_??': 10, 'là': 30, 'n?i_dung': 10, 'báo': 10, 'bên': 10, 'd??i': 10, '??ng': 10, 'n?m': 10, 'im_l?ng': 10, 'làm_l?': 10, '?ng_h?': 10, 'tt': 10, 'ông': 20, 'nói': 10, 'trên': 10, 'twitter': 10, 'b?u': 10, 'qu?': 10, 'có': 10, 't?_ch?t': 10, 'em': 10, 'k?': 10, 'bênh': 10, '?a_ph?n': 10, 'b?': 10, 'nh?i_s?': 10, 'ph??ng': 10, 'gian_manh': 10, 'láu_cá': 10, '??o_??c_gi?': 10, 'ph?n_phúc': 10, 'ph?n_b?i': 10, 'ta': 10}]"	Person number: 2756
trump	vi_tinh	"[1218, 2047, 2047, 2300, 2300, 2300]"	"[{'fed': 9, 'tulsa': 12, 'ti?u_bang': 6, 'oklahoma': 6, '??ng': 6, 'dân_ch?': 6, 'registered_for_tickets_to': 6, 'rallybut': 6, 'the_venue_only_seats': 6}, {'trump': 42, 'reality_check': 9, 'discount_double': 9, 'when_the': 9, 'united_states_congress': 9, 'starting': 9, 'registered_for': 6, 'nguy?n_th?_bé_b?y': 6}, {'s': 24, 'birthday': 6, 'boat': 6, 'parade': 6, 'verses': 18, 'th': 9, 'takes': 9, 'the': 90, 'oath': 9, 'office': 9, 'after': 9, 'taking': 9, 'this': 9, 'loss': 9, 'rich': 54, 'poor': 9, 'class_warfare': 9, 'peffernomics': 9, '': 18, 'the_rich_win': 9, 'fancynancy': 9, 'thesquad': 9, 'hollywood': 9, 'tinseltown': 9, 'wallstreet': 18, 'prosperity': 9, 'sometimes': 9, 'you': 9, 'have': 9, 'to': 18, 'right': 9, 'thing': 9, 'dismiss': 9, 'united_states_congress': 18, 'from': 9, 'housefloor': 18, 'basically': 9, 'passing': 9, 'united_states': 18, 'federal': 27, 'government': 27, 'fiscal': 9, 'budget': 9, 'spending': 18, 'bill': 9, 'including': 9, 'national': 18, 'debt': 18, 'ceiling': 9, 'limit': 9, 'china': 9, 'that': 9, 'why': 9, 'he': 9, 'is': 18, 'billions': 18, 'dollars': 9, 'increasing': 9, 'united': 9, 'states': 9, 'begging': 9, 'cut': 9, 'interest': 9, 'rates': 9, 'when': 9, 'breaking': 9, 'all-time': 9, 'record': 9, 'robert_curtis_peffer_jr': 9, 'with': 9, 'ng??i': 18, 'hi': 6, 'danh': 6, 'tham_d?': 6, 'bu?i': 6, 'v?n_??ng': 6, 'tranh_c?': 6, 'd?_trù': 6, 'ngày': 6, 'khi': 6, 'n?i': 6, 't?_ch?c': 6, 'là': 12, 'h?i_tr??ng': 6, 'có': 6, 's?c': 6, 'ch?a': 6, '???c': 6, 'bi?t': 6, 'lòng': 6, 'dân': 6, '?ng_h?': 6, 'tt': 6, 'ông': 6, 'b?': 6, 'truy?n_thông': 6, 'dòng': 6, 'chính': 6, 'th?_l?c': 12, 'nhà_n??c': 6, 'ng?m': 6, 'ngo?i_bang': 6, '?ánh_phá': 6, 'bôi_nh?': 6, 'l?ng_nh?c': 6, '??': 18, '?i?u': 6, 'trò': 6, 'cách': 6, 'th?i_gian': 6, 'qua': 6, 'g?i': 6, 'cu?ng': 6, 'th?a': 6, 'quý': 6, 'ngài': 6, 'trump_campaign_manager_says': 12, 'inline': 6, 'image': 6}]"	Person number: 2757
